{
    "os": "Linux-5.11.0-27-generic-x86_64-with-debian-bullseye-sid",
    "python": "3.7.7",
    "heartbeatAt": "2021-08-31T06:04:46.520773",
    "startedAt": "2021-08-31T06:04:45.055471",
    "docker": null,
    "gpu": "NVIDIA GeForce RTX 3060",
    "gpu_count": 1,
    "cpu_count": 6,
    "cuda": null,
    "args": [
        "-f",
        "/home/indika/.local/share/jupyter/runtime/kernel-26e78f02-ce99-4963-afdf-64bf627965fa.json"
    ],
    "state": "running",
    "program": "00.ipynb",
    "root": "/home/indika/Programming/Projects/Python/Artifical-Intelligence/PyTorch/RNN",
    "git": {
        "remote": "https://github.com/Programmer-RD-AI/Microsoft-Stock-Price-Prediction-Learning-RNN.git",
        "commit": "1ef2e36a5ca3746f4dcbc7c497999a7538b48aac"
    },
    "email": "aigithub@gmail.com",
    "host": "programmer-rd-ai",
    "username": "indika",
    "executable": "/home/indika/anaconda3/bin/python"
}
